1,Tim Burton,director (4 episodes 2022),
2,James Marshall,director (2 episodes 2022),
3,Gandja Monteiro,director (2 episodes 2022),
4,Charles Addams,based on characters created by (8 episodes 2022),
5,Alfred Gough,writer  (4 episodes 2022),
6,Miles Millar,writer  (4 episodes 2022),
7,Kayla Alpert,writer  (2 episodes 2022),
8,April Blair,writer  (2 episodes 2022),
9,Matt Lambert,writer  (1 episodes 2022),
10,Jenna Ortega,actor/actress: Wednesday Addams (8 episodes 2022),
11,Gwendoline Christie,actor/actress: Principal Larissa Weems (8 episodes 2022),
12,Riki Lindhome,actor/actress: Dr. Valerie Kinbott (8 episodes 2022),
13,Emma Myers,actor/actress: Enid Sinclair (8 episodes 2022),
14,Joy Sunday,actor/actress: Bianca Barclay (8 episodes 2022),
15,Naomi J. Ogawa,actor/actress: Yoko Tanaka (8 episodes 2022),
16,Christina Ricci,actor/actress: Marilyn Thornhill (8 episodes 2022),
17,Jamie McShane,actor/actress: Sheriff Donovan Galpin (8 episodes 2022),
18,Hunter Doohan,actor/actress: Tyler Galpin (8 episodes 2022),
19,Percy Hynes White,actor/actress: Xavier Thorpe (8 episodes 2022),
20,Georgie Farmer,actor/actress: Ajax Petropolus (8 episodes 2022),
21,Johnna Dias-Watson,actor/actress: Divina (8 episodes 2022),
22,Oliver Watson,actor/actress: Kent (8 episodes 2022),
23,Victor Dorobantu,actor/actress: Thing (8 episodes 2022),
24,Moosa Mostafa,actor/actress: Eugene Ottinger (8 episodes 2022),
25,Daniel Himschoot,actor/actress: Hyde Monster (8 episodes 2022),
26,Luyanda Unati Lewis-Nyawo,actor/actress: Deputy Ritchie Santiago (8 episodes 2022),
27,Iman Marson,actor/actress: Lucas (8 episodes 2022),
28,Calum Ross,actor/actress: Rowan Laslow (8 episodes 2022),
29,Cezar Grumazescu,actor/actress: Coach Vlad (8 episodes 2022),
30,Tommie Earl Jenkins,actor/actress: Mayor Noble Walker (8 episodes 2022),
31,Catherine Zeta-Jones,actor/actress: Morticia Addams (8 episodes 2022),
32,Morgan Beale,actor/actress: Jonah (8 episodes 2022),
33,George Burcea,actor/actress: Lurch (8 episodes 2022),
34,Islam Bouakkaz,actor/actress: Carter (8 episodes 2022),
35,William Houston,actor/actress: Joseph Crackstone (8 episodes 2022),
36,Karina Varadi,actor/actress: Wednesday (6yo)  (8 episodes 2022),
37,Rina Mahoney,actor/actress: Janet Ottinger (8 episodes 2022),
38,Georgia Goodman,actor/actress: Sue Ottinger (8 episodes 2022),
39,Murray McArthur,actor/actress: Fabian (8 episodes 2022),
40,Fred Armisen,actor/actress: Uncle Fester (8 episodes 2022),
41,Luis Guzm�n,actor/actress: Gomez Addams (8 episodes 2022),
42,Olimpia Malai,actor/actress: The Minister (8 episodes 2022),
43,Isaac Ordonez,actor/actress: Pugsley Addams (8 episodes 2022),
44,Nitin Ganatra,actor/actress: Dr. Anwar (8 episodes 2022),
45,Lucius Hoyos,actor/actress: Young Gomez (8 episodes 2022),
46,Cheherezade Valentine Okotaka Ebale,actor/actress: Lou-Anne Walker (8 episodes 2022),
47,Oliver Wickham,actor/actress: Young Larissa Weems (8 episodes 2022),
48,Edward Kennedy,actor/actress: MC Blood Suckaz (8 episodes 2022),
49,Ismail Kesu,actor/actress: Young Sheriff Walker (8 episodes 2022),
50,Caroline Lawrie,actor/actress: Martha (8 episodes 2022),
51,Lachele Carl,actor/actress: Agnes (8 episodes 2022),
52,Gwen Jones,actor/actress: Young Morticia Addams (8 episodes 2022),
53,Lisa O'Hare,actor/actress: Arlene (8 episodes 2022),
54,Sophia Nomvete,actor/actress: Connie Jorgensen (8 episodes 2022),
55,Ichir� Y�ki,actor/actress: Kenichi Tanaka (8 episodes 2022),
56,Amanda Drew,actor/actress: Esther Sinclair (8 episodes 2022),
57,Ryan Ellsworth,actor/actress: Murray Sinclair (8 episodes 2022),
58,Gloria Garcia,actor/actress: Goody's Mom (8 episodes 2022),
59,Gracy Goldman,actor/actress: Gabrielle (8 episodes 2022),
60,Lewis Hayes,actor/actress: Garett Gates (8 episodes 2022),
61,Philip Rosch,actor/actress: Ansel Gates (8 episodes 2022),
62,Michael Okele,actor/actress: Morga(uncredited) (8 episodes 2022),
63,Chloe Cate,actor/actress: Studen(uncredited) (8 episodes 2022),
64,Kayla Alpert,executive producer (8 episodes 2022),
65,Gail Berman,executive producer (8 episodes 2022),
66,Tim Burton,executive producer (8 episodes 2022),
67,Jonathan Glickman,executive producer (8 episodes 2022),
68,Carla Gonz�lez Vargas,co-executive producer (8 episodes 2022),
69,Alfred Gough,executive producer (8 episodes 2022),
70,Tommy Harper,executive producer (8 episodes 2022),
71,Nick Iannelli,co-producer (8 episodes 2022),
72,Kevin Lafferty,executive producer (8 episodes 2022),
73,Miles Millar,executive producer (8 episodes 2022),
74,David Minkowski,co-executive producer (8 episodes 2022),
75,Kevin Miserocchi,executive producer (8 episodes 2022),
76,Andrew Mittman,executive producer (8 episodes 2022),
77,Carmen Pepelea,producer (8 episodes 2022),
78,Steve Stark,executive producer (8 episodes 2022),
79,Natalie Testa,associate producer (8 episodes 2022),
80,Todd Williams,co-executive producer (8 episodes 2022),
81,Chris Bacon,music (7 episodes 2022),
82,Danny Elfman,music (4 episodes 2022),
83,Stephan Pehrsson,cinematography (4 episodes 2022),
84,David Lanzenberg,cinematography (4 episodes 2022),
85,Ana Yavari,film editing (4 episodes 2022),
86,Jay Prychidny,film editing (4 episodes 2022),
87,Paul G. Day,film editing (1 episode 2022),
88,Florina Fernandes,casting (8 episodes 2022),
89,Sophie Holland,casting (8 episodes 2022),
90,John Papsidera,casting (8 episodes 2022),
91,Mark Scruton,production design (8 episodes 2022),
92,Adrian Curelea,supervising art director (8 episodes 2022),
93,Ghinea Diana,art direction (8 episodes 2022),
94,Silvia Nancu,art direction (8 episodes 2022),
95,Andrei-Florian Popa,assistant art director / additional standby art director (8 episodes 2022),
96,Serban Porupca,senior art director (8 episodes 2022),
97,Vlad Roseanu,on-set art director / art director (8 episodes 2022),
98,Roxana Alexandru,art direction (3 episodes 2022),
99,Carmen Ratoi,art direction (3 episodes 2022),
100,Laurentiu Zarnoianu,set direction (8 episodes 2022),
101,David Morison,set direction (4 episodes 2022),
102,Rob Hepburn,set direction (4 episodes 2022),
103,Colleen Atwood,costume design (8 episodes 2022),
104,Bianca Boeroiu,makeup artist (8 episodes 2022),
105,Catalin Ciutu,hair stylist supervisor: crowd (8 episodes 2022),
106,Natalie L Costello,special makeup effects artist (8 episodes 2022),
107,Julian Hutcheson,special makeup effects artist (8 episodes 2022),
108,Nirvana Jalalvand,hair & makeup artist: main team (8 episodes 2022),
109,Grace McComisky,prosthetic artist / prosthetic makeup artist (8 episodes 2022),
110,Tara McDonald,hair & makeup designer (8 episodes 2022),
111,Dominic Mombrun,dental effects designer & fabricator (8 episodes 2022),
112,Angela Ruiz Morales,prosthetics artist (8 episodes 2022),
113,Paraschiv Oana,makeup artist (8 episodes 2022),
114,Alexandru Sassu,assistant makeup artist (8 episodes 2022),
115,Bas Schwarz,special effects makeup artist: mouldmaker & props (8 episodes 2022),
116,Rub�n Serra,special makeup effects artist (8 episodes 2022),
117,Margo Stefan,hair stylist (8 episodes 2022),
118,Viktoria Stieber,prosthetic makeup artist (8 episodes 2022),
119,Sinead Sweeney,SFX contact lens coordinator (8 episodes 2022),
120,Iuliana Temelie,hair stylist (8 episodes 2022),
121,Clara Tudose,hair & makeup artist (8 episodes 2022),
122,Raquel �lvarez,prosthetic makeup sculptor (8 episodes 2022),
123,Freda Ellis,makeup supervisor (6 episodes 2022),
124,Ripley Dale-Gulston,junior hair & makeup artist (6 episodes 2022),
125,Olimpia Stoicea,hair & makeup artist: main team (6 episodes 2022),
126,Tia Costell,junior hair & makeup artist (4 episodes 2022),
127,Susan Cole,personal hair stylist: Luis Guzman (4 episodes 2022),
128,Jean Carlos de Blas,key hair & makeup artist (4 episodes 2022),
129,Gabriella Havens,makeup artist (3 episodes 2022),
130,Sheherezada Kouchaki,makeup artist (4 episodes 2022),
131,Raluca Moldoveanu,makeup artist (4 episodes 2022),
132,Andrea Dardea Tesdall,special makeup effects artist (3 episodes 2022),
133,Nicoleta Toader,hair stylist: cast (4 episodes 2022),
134,Natalie Fox,additional hair & makeup artist (2 episodes 2022),
135,Niki De Jong,prosthetic makeup artist (1 episode 2022),
136,Ionel Popa,special makeup effects artist (1 episode 2022),
137,Athina Sapanidis,prosthethic makeup artist (1 episode 2022),
138,Razvan Badea,unit production manager / production manager (8 episodes 2022),
139,Irene Iovan Calangiu,health & safety unit production manager: covid (8 episodes 2022),
140,Alexandru Cseh,production manager: second unit (8 episodes 2022),
141,Emma Mallett,unit production manager: additional photography (1 episode 2022),
142,Alexandru Acsinte,assistant director (8 episodes 2022),
143,Emilie Balusson,second second assistant director / co-second assistant director (8 episodes 2022),
144,Bianca Bumbacea,assistant director (8 episodes 2022),
145,Simona Dinu,second assistant director (8 episodes 2022),
146,Mariana Grama,crowd second assistant director (8 episodes 2022),
147,Mircea Hategan,first assistant director (8 episodes 2022),
148,Stefania Ispas,trainee assistant director (8 episodes 2022),
149,Loyzo,third assistant director (8 episodes 2022),
150,Raphael Tudor,third assistant director (8 episodes 2022),
151,Costin Sforaru,assistant director (7 episodes 2022),
152,Sabina Balan,crowd first assistant director (6 episodes 2022),
153,Brett Chan,second unit director (6 episodes 2022),
154,Ada Dumitru,cast assistant (6 episodes 2022),
155,Emyr Glyn Rees,second assistant director / first assistant director (6 episodes 2022),
156,Jessica Kirec,second assistant director (4 episodes 2022),
157,George Walker,first assistant director (4 episodes 2022),
158,Richard O'Brien-Moran,first assistant director (2 episodes 2022),
159,Mihaela Ionita,second assistant director (2 episodes 2022),
160,Alexandra Popa,crowd second assistant director (1 episode 2022),
161,Alexandru Trandafira,crowd assistant director (2 episodes 2022),
162,Sucioaia Alexandra,set dressing painter (8 episodes 2022),
163,Tache Alexandru,graphic designer (8 episodes 2022),
164,Corneliu Mihai Bonciu,sculptor (8 episodes 2022),
165,Rachel Garlick,storyboard artist (8 episodes 2022),
166,Florin Gavrila,lead set dressing painter (8 episodes 2022),
167,Adi Handac,property master (8 episodes 2022),
168,Dana Ilie,art department manager (8 episodes 2022),
169,Alexandru Titus Ipate,action vehicles supervisor (8 episodes 2022),
170,Simona Maican,art department coordinator (8 episodes 2022),
171,Cristian Mihaila,assistant set decorator / set decoration buyer (8 episodes 2022),
172,Cosmin Miroiu,head of greenery (8 episodes 2022),
173,Amalia Mititelu,set dressing painter (8 episodes 2022),
174,Pietro Nume,concept artist (8 episodes 2022),
175,Iulia Petrescu,assistant set decorator (8 episodes 2022),
176,Madalina Ripanu,clearance coordinator (8 episodes 2022),
177,Geaniloni Sandru,lead painter (8 episodes 2022),
178,Eusebiu Sirbu,head graphic designer (8 episodes 2022),
179,Cristina Stefan,graphic designer (8 episodes 2022),
180,Alexandra Tudor,assistant art director (8 episodes 2022),
181,Laurentiu Zarnoianu,leadman (8 episodes 2022),
182,Liviu Antonescu,graphic designer (6 episodes 2022),
183,Madalina Ciosu,set designer (6 episodes 2022),
184,Tudor Iordachescu,set designer (6 episodes 2022),
185,Anca Iscru,set designer (6 episodes 2022),
186,Ana Neag,assistant art director (6 episodes 2022),
187,Iulia Pasarica,assistant art director (6 episodes 2022),
188,Andreea Siminea,set designer (6 episodes 2022),
189,Amy Lockwood,assistant set decorator (4 episodes 2022),
190,Andrew Cherry,storyboard artist (3 episodes 2022),
191,Cristian Darstar,storyboard artist (3 episodes 2022),
192,Adrian Curelea,supervising art director (2 episodes 2022),
193,Serban Porupca,senior art director (2 episodes 2022),
194,Radu Costache,assistant property master (1 episode 2022),
195,Jennifer Keen,first set decoration buyer (1 episode 2022),
196,Karen Krizanovich,production design researcher (1 episode 2022),
197,Ben Livingstone,illustrator (1 episode 2022),
198,Yohann Angelvy,french casting mixer (8 episodes 2022),
199,Michael Baskerville,re-recording mixer (8 episodes 2022),
200,Nicolae Comarzan,sound mixer: second unit (8 episodes 2022),
201,Tony Diaz,adr mixer (8 episodes 2022),
202,Arturo A. Fuenmayor,re-recording mix assistant / additional re-recording mixer (8 episodes 2022),
203,Alastair Gray,dialogue editor (8 episodes 2022),
204,Justin Helle,foley mixer (8 episodes 2022),
205,John Loranger,supervising sound editor (8 episodes 2022),
206,Liviu Lupsa,sound mixer (8 episodes 2022),
207,Kristi McIntyre,adr editor / sound effects editor (8 episodes 2022),
208,Sean Miller,adr recordist (8 episodes 2022),
209,Faustine Pelipel,assistant sound editor (8 episodes 2022),
210,Dan Sexton,sound effects editor (8 episodes 2022),
211,Alex Stylianou,adr recordist (8 episodes 2022),
212,Jamie Sulek,re-recording mixer (8 episodes 2022),
213,Mike Tehrani,adr mixer (8 episodes 2022),
214,Marcus Byrne,adr mixer (7 episodes 2022),
215,Greg Crawford,adr mixer (7 episodes 2022),
216,Juan Martin Del Campo,adr mixer (7 episodes 2022),
217,Tim McKeever,adr mixer (7 episodes 2022),
218,Simon Diggins,adr mixer (6 episodes 2022),
219,Jonathan Gomez,adr mixer (4 episodes 2022),
220,Nathan Jackson,foley editor (1 episode 2022),
221,William Kellerman,foley artist (1 episode 2022),
222,Leslie Liu,adr mixer (2 episodes 2022),
223,Ana Quiroga,audio coordinator (uncredited) (8 episodes 2022),
224,Dan Barcutean,special effects technician (8 episodes 2022),
225,Max Costello,special effects technician (7 episodes 2022),
226,Florin Stoian,special effects technician (8 episodes 2022),
227,Harry Troughton,special effects coordinator (8 episodes 2022),
228,Jason Troughton,special effects supervisor (8 episodes 2022),
229,Adrian Nica,lead technician (4 episodes 2022),
230,Ilinca Angelescu,special effects makeup (1 episode 2022),
231,Yovko Dogandjiiski,special effects supervisor (2 episodes 2022),
232,Antonia Tocheva,special effects office coordinator (2 episodes 2022),
233,Matthew Adams,digital compositor: Ghost VFX Toronto (8 episodes 2022),
234,Oana Bardan,visual effects coordinator (8 episodes 2022),
235,Craig Calvert,visual effects supervisor: Mr. X (8 episodes 2022),
236,Kevin Chandoo,head of studio: Ghost VFX Toronto (8 episodes 2022),
237,Nick Colangelo,visual effects producer: Mr. X (8 episodes 2022),
238,John Coldrick,visual effects supervisor: Rocket Science VFX (8 episodes 2022),
239,Sam Cole,lighting lead: Mr. X (8 episodes 2022),
240,Chris Cooper,cg supervisor: Mr. X (8 episodes 2022),
241,Roger Dalupang,lead render wrangler/pipeline td (8 episodes 2022),
242,Swedyl DSouza,visual effects production manager (8 episodes 2022),
243,Maxime Ducharme,visual effects artist: MELS (2 episodes 2022),
244,Paula Fanaia,digital compositor: Ghost VFX Toronto (8 episodes 2022),
245,Mariah Fleetham,visual effects production assistant: Take 5 VFX (8 episodes 2022),
246,Kathryn Foster,visual effects editor: Ghost VFX Toronto (8 episodes 2022),
247,Ben Funk,lead compositor: Take 5 VFX (8 episodes 2022),
248,Keith Goh,visual effects assistant editor: MPC (8 episodes 2022),
249,Kari-Lyn Gravel,visual effects associate line producer: Stereo D (8 episodes 2022),
250,Jon Howard,visual effects producer: Ghost VFX Toronto (6 episodes 2022),
251,Kent Johnson,visual effects producer (8 episodes 2022),
252,Anna Joukova,compositor: Take 5 VFX / visual effects compositor: Take 5 VFX (8 episodes 2022),
253,Jesse Kawzenuk,on-set visual effects supervisor (8 episodes 2022),
254,Grant Lee,visual effects supervisor: Stereo D (8 episodes 2022),
255,Jake Lunt Davies,concept design (8 episodes 2022),
256,Dumitrana Teodora Lupu,visual effects production assistant (8 episodes 2022),
257,Amy Madigan,visual effects production manager: Stereo D (8 episodes 2022),
258,Yael Majors,visual effects assistant supervisor: Stereo D (3 episodes 2022),
259,Mariano Mendoza,assets lead: Mr. X (8 episodes 2022),
260,Guillermo Molina,lead tools developer (8 episodes 2022),
261,Skye Morandin,visual effects production manager: Stereo D (8 episodes 2022),
262,Tom Nagy,animation supervisor: Mr. X (8 episodes 2022),
263,Ken Nielsen,compositing supervisor: Ghost VFX Toronto (8 episodes 2022),
264,Razvan Nineaca,data wrangler (8 episodes 2022),
265,Anthony O'Connell,Render Wrangler (8 episodes 2022),
266,Catalin Otelea,data wrangler (8 episodes 2022),
267,Matei Ovejan,data wrangler (8 episodes 2022),
268,Alessandro Pantanella,visual effects supervisor: Ghost VFX Toronto (8 episodes 2022),
269,Travis Pond,compositor: Take 5 VFX (8 episodes 2022),
270,Yawar Raja,layout lead: Mr. X (8 episodes 2022),
271,Aditya Sawant,visual effects coordinator: Ghost VFX Toronto (8 episodes 2022),
272,Matt Schofield,vfx head of operations (8 episodes 2022),
273,Ksenia Shutova,compositor: Take 5 VFX (8 episodes 2022),
274,Mark Simone,visual effects producer: Stereo D (8 episodes 2022),
275,Denis St-Pierre,compositor: Take 5 VFX (8 episodes 2022),
276,Ryan Terk,Senior Visual Effects Coordinator / visual effects coordinator: MELS (8 episodes 2022),
277,Jason Teske,rigging lead: Mr. X (8 episodes 2022),
278,Tom Turnbull,visual effects supervisor (8 episodes 2022),
279,Fabi�n Varela,visual effects producer: Ghost VFX Toronto (8 episodes 2022),
280,Kelly Weisz,visual effects studio manager: Take 5 VFX (8 episodes 2022),
281,Angela Zhang,visual effects production manager: Mr. X (8 episodes 2022),
282,Kayden Anderson,visual effects producer: Rocket Science VFX (7 episodes 2022),
283,Eddie Englander,visual effects supervisor: Monsters Aliens Robots Zombies (2 episodes 2022),
284,Rashid Khallouk,compositing lead: Mr. X (6 episodes 2022),
285,Timothy Mah,visual effects editor: Rocket Science VFX (7 episodes 2022),
286,Michael Osuszek,visual effects coordinator: Rocket Science VFX (7 episodes 2022),
287,Rodrigo Paiva,compositing lead: Monsters Aliens Robots Zombies (1 episode 2022),
288,Suresh Pandi,lead compositor: Rocket Science VFX / compositor: Rocket Science VFX (7 episodes 2022),
289,Francois Robert,matchmove/layout artist: MELS (3 episodes 2022),
290,Adam Smith,lead compositor: Rocket Science VFX (7 episodes 2022),
291,Sarvesh Amre,visual effects production manager: NetFX Mumbai (6 episodes 2022),
292,Beno�t Bri�re,visual effects supervisor: MELS (6 episodes 2022),
293,Paul Chambers,assets supervisor: Monsters Aliens Robots Zombies (1 episode 2022),
294,Dipak Gaur,digital compositor: Ghost VFX Toronto (6 episodes 2022),
295,Taraknath Ghosh,paint artist: Stereo D (5 episodes 2022),
296,Baz Lanaris,cg supervisor: MELS (6 episodes 2022),
297,Prateek Mishra,paint artist: Stereo D (5 episodes 2022),
298,Erin Nicholson,cg supervisor: Ghost VFX Toronto (6 episodes 2022),
299,Bikram Singh,paint artist: Stereo D (5 episodes 2022),
300,Khushroo Surveyor,visual effects lighter: Rocket Science VFX (5 episodes 2022),
301,Ramesh Kumar Yanagandhula,paint artist: Stereo D (5 episodes 2022),
302,Lynx Zuo,digital compositor: Ghost VFX Toronto (6 episodes 2022),
303,Patti Gannon,compositor: Take 5 VFX (4 episodes 2022),
304,Tanya Haddad,visual effects producer: Folks VFX (5 episodes 2022),
305,JoAnna Johnson,compositor: Rocket Science VFX (4 episodes 2022),
306,Luca Lim Diniz,visual effects artist: MELS (4 episodes 2022),
307,Brodie McNeill,visual effects supervisor: Folks VFX (5 episodes 2022),
308,Tabata Ortiz,visual effects artist: MELS (4 episodes 2022),
309,Nishant Patel,visual effects lighter: Rocket Science VFX (1 episode 2022),
310,Umapathy Rajarathinam,compositor: Rocket Science VFX (4 episodes 2022),
311,Genesis Rivas,compositor: Take 5 VFX (4 episodes 2022),
312,Manish Rohith,compositing artist: Monsters Aliens Robots Zombies (1 episode 2022),
313,Luca Gabriele Rossetti,digital matte painter/environment supervisor: Monsters Aliens Robots Zombies (1 episode 2022),
314,Salil Thapa,visual effects line producer: NetFX Mumbai (5 episodes 2022),
315,Fran�ois Trudel,visual effects artist: MELS / visual effects supervisor: MELS (4 episodes 2022),
316,Wesley While,compositor: Take 5 VFX (5 episodes 2022),
317,Kaylie Whitcher,visual effects producer: Folks VFX (5 episodes 2022),
318,Sarah Wormsbecher,visual effects executive producer: Folks VFX (5 episodes 2022),
319,Summer Zong,cg supervisor: Folks VFX (5 episodes 2022),
320,Oksana Andrulis,visual effects production manager: Folks VFX / animation coordinator: Folks VFX (3 episodes 2022),
321,David Dionne,visual effects artist: MELS (2 episodes 2022),
322,Josh George,fx lead: Folks VFX (3 episodes 2022),
323,James Takashi Higuchi,lighting supervisor: Monsters Aliens Robots Zombies (1 episode 2022),
324,Christopher Jude,compositor: Rocket Science VFX (3 episodes 2022),
325,Jos� Lasa,compositor: Rocket Science VFX / visual effects lighter: Rocket Science VFX (3 episodes 2022),
326,Marco Lee,compositing supervisor: Folks VFX (3 episodes 2022),
327,Dinaaz Mathur,visual effects production coordinator: NetFX Mumbai (4 episodes 2022),
328,Ben McDougal,surfacing lead: Monsters Aliens Robots Zombies (4 episodes 2022),
329,Sumit Mukherjee,paint supervisor: NetFX Mumbai (4 episodes 2022),
330,Isha Nigam,head of production: NetFX Mumbai (4 episodes 2022),
331,Ryan Jae Wook Park,layout supervisor: Folks VFX (3 episodes 2022),
332,Gustavo Sanchez-Perez,fx supervisor: Monsters Aliens Robots Zombies (1 episode 2022),
333,Kyle Sim,head of 2d: Folks VFX (4 episodes 2022),
334,Pankaj Umbarkar,junior paint lead: NetFX Mumbai (4 episodes 2022),
335,Sahil Agrahari,junior paint artist: NetFX Mumbai (2 episodes 2022),
336,Chris Archinet,visual effects artist: MELS (2 episodes 2022),
337,Ajay Kumar Attinti,roto lead: NetFX Mumbai (3 episodes 2022),
338,Samuel Boisvert,visual effects artist: MELS (2 episodes 2022),
339,Reine Bourgault,visual effects artist: MELS (2 episodes 2022),
340,Aakash Chaudhari,roto artist: NetFX Mumbai (2 episodes 2022),
341,Dave David,animation artist: Monsters Aliens Robots Zombies (1 episode 2022),
342,Amod Diwakar,assistant visual effects line producer: Stereo D / visual effects assistant line producer: Stereo D (3 episodes 2022),
343,Nadine Fr�ve,lead visual effects editor: Folks VFX / visual effects editor: Folks VFX (2 episodes 2022),
344,Mark Goldberg,compositor (2 episodes 2022),
345,Leonardo Andres Grabau Villalba,visual effects artist: MELS (2 episodes 2022),
346,Jonathan Gr�goire,visual effects artist: MELS (3 episodes 2022),
347,Jeanne Hebert,visual effects artist: MELS (2 episodes 2022),
348,Pravin Hodage,2d supervisor: NetFX Mumbai (2 episodes 2022),
349,Cory Humes,animation supervisor: Folks VFX (3 episodes 2022),
350,Siddarth Jambhulkar,compositor: Rocket Science VFX (2 episodes 2022),
351,Mukesh Joshi,senior i/o coordinator: NetFX Mumbai (2 episodes 2022),
352,Simon Lecavalier,cg supervisor: MELS (2 episodes 2022),
353,Christophe Longtin,visual effects artist: MELS (2 episodes 2022),
354,Oleg Memukhin,fx supervisor: Folks VFX (3 episodes 2022),
355,Waseem Mohammed,head of central production: Monsters Aliens Robots Zombies (2 episodes 2022),
356,Dany Richard,visual effects artist: MELS (2 episodes 2022),
357,Nisarg Suthar,lighting supervisor: Folks VFX (3 episodes 2022),
358,Nitesh Sutrave,compositing supervisor: NetFX Mumbai (3 episodes 2022),
359,Sarvesh Talekar,roto artist: NetFX Mumbai (2 episodes 2022),
360,Himani Tyagi,junior paint artist: NetFX Mumbai (2 episodes 2022),
361,Waseem Ahmad Khan,paint artist: Stereo D (1 episode 2022),
362,Rodrigo Albano,environment artist: Monsters Aliens Robots Zombies (1 episode 2022),
363,Don Carlo Alvir,animation artist: Monsters Aliens Robots Zombies (1 episode 2022),
364,Leanndro Amorim,compositing artist: Monsters Aliens Robots Zombies (1 episode 2022),
365,Seshadri Anand,tracking/layout lead: Monsters Aliens Robots Zombies (1 episode 2022),
366,Blake Anderson,visual effects supervisor: VFX Legion (1 episode 2022),
367,Schuyler Anderson,tracking/layout lead: Monsters Aliens Robots Zombies (1 episode 2022),
368,Edwin Arismendez,visual effects artist: MELS (2 episodes 2022),
369,Jessica Bayliss,head of production: Monsters Aliens Robots Zombies (2 episodes 2022),
370,Sudhakar Bhavanasi,deputy manager: Stereo D (1 episode 2022),
371,Alan Bisht,compositing artist: NetFX Mumbai (1 episode 2022),
372,William Blanchette,visual effects artist: MELS (1 episode 2022),
373,Jordan Boulais,visual effects artist: MELS (2 episodes 2022),
374,J. Alan Bradshaw,head of cg: Monsters Aliens Robots Zombies (2 episodes 2022),
375,Peter Braeley,digital matte painter: Folks VFX (1 episode 2022),
376,Charlotte Breton,visual effects editor: Folks VFX (1 episode 2022),
377,Alex Bronfman,sales lead: Monsters Aliens Robots Zombies (2 episodes 2022),
378,Jonathan Bronfman,head of studio: Monsters Aliens Robots Zombies (2 episodes 2022),
379,Dennis Chan,animation artist: Monsters Aliens Robots Zombies (1 episode 2022),
380,Hardik Chauhan,senior compositing artist: NetFX Mumbai (1 episode 2022),
381,Molly Chen,assets artist: Monsters Aliens Robots Zombies (1 episode 2022),
382,Sujesh V. Chitty,concept artist: Folks VFX (1 episode 2022),
383,Nolan Conrad,digital compositor: VFX Legion (1 episode 2022),
384,Andr�s Couturier,graphic artist: VFX Legion (1 episode 2022),
385,Madhu Dasyapu,assistant roto supervisor: Stereo D (1 episode 2022),
386,Rodrigo de Angelis,fx artist: Monsters Aliens Robots Zombies (1 episode 2022),
387,Sofia Diaz,lighting artist: Monsters Aliens Robots Zombies (1 episode 2022),
388,Maya Dumont-Deslandes,visual effects studio manager: MELS (1 episode 2022),
389,Abdullah Ecirli,compositing artist: Monsters Aliens Robots Zombies (1 episode 2022),
390,Manoj Kumar Elangovan,tracking & layout artist: Monsters Aliens Robots Zombies (1 episode 2022),
391,Michael Enzbrunner,animation lead: Monsters Aliens Robots Zombies (1 episode 2022),
392,Timothy Fleur,creature artist: Monsters Aliens Robots Zombies (1 episode 2022),
393,Adam Fok,rigging lead: Monsters Aliens Robots Zombies (1 episode 2022),
394,Gil Franco,assets artist: Monsters Aliens Robots Zombies (1 episode 2022),
395,Emily Funk,assets artist: Monsters Aliens Robots Zombies (1 episode 2022),
396,Antonio Gallardo,visual effects producer: VFX Legion (1 episode 2022),
397,Gregory Galliani,modeling lead: Monsters Aliens Robots Zombies (1 episode 2022),
398,Igor Garanovschii,matte painter: Rocket Science VFX (1 episode 2022),
399,Kunal Ghai,paint artist: Stereo D (1 episode 2022),
400,Rakan Ghresi,fx artist: Monsters Aliens Robots Zombies (1 episode 2022),
401,Jimmy Gill,animation artist: Monsters Aliens Robots Zombies (1 episode 2022),
402,Yash Gowda,head of 2d: Monsters Aliens Robots Zombies (2 episodes 2022),
403,Jameer Haider,paint artist: NetFX Mumbai (1 episode 2022),
404,Lewis Hawkes,rigging lead: Monsters Aliens Robots Zombies (1 episode 2022),
405,Jim Hillin,visual effects lighter Ghost VFX Toronto (1 episode 2022),
406,Curtis Hsiung,animator: Rocket Science VFX (2 episodes 2022),
407,Chen Kuang Hsu,tracking & layout artist: Monsters Aliens Robots Zombies (1 episode 2022),
408,Salvatore Iamonte,rigging artist: Monsters Aliens Robots Zombies (1 episode 2022),
409,Pragati Jana,paint artist: Stereo D (1 episode 2022),
410,Juyong Jeon,visual effects artist (2 episodes 2022),
411,Kenny Jia,digital matte painter lead: Monsters Aliens Robots Zombies (1 episode 2022),
412,Laszlo Kalbache,asset artist: Rocket Science VFX (1 episode 2022),
413,Ashraf Karim,senior compositing artist: NetFX Mumbai (1 episode 2022),
414,Sharad Kate,paint artist: Stereo D (1 episode 2022),
415,Min Kim,compositing supervisor: Folks VFX (2 episodes 2022),
416,Jamie Knoop,visual effects production assistant: Stereo D (1 episode 2022),
417,Ashwini Lad,visual effects administrator: Stereo D (1 episode 2022),
418,Nadege Lagueux-Beloin,visual effects artist: MELS (1 episode 2022),
419,Tukaram Landbale,roto artist: NetFX Mumbai (1 episode 2022),
420,Dany Lebrasseur,visual effects artist: MELS (1 episode 2022),
421,Kate T.C. Lin,digital compositor: VFX Legion (1 episode 2022),
422,Matthias Lowry,digital compositor: VFX Legion (1 episode 2022),
423,Jimmy Lue,visual effects coordinator: Folks VFX (1 episode 2022),
424,Jim Maxwell,matte painter: Take 5 VFX (2 episodes 2022),
425,Jay Mehta,paint artist: NetFX Mumbai (1 episode 2022),
426,Kristine Middlemiss,head of technology: Monsters Aliens Robots Zombies (2 episodes 2022),
427,Ali Mio,visual effects producer: Rocket Science VFX (2 episodes 2022),
428,Guto Miranda,compositing artist: Monsters Aliens Robots Zombies (1 episode 2022),
429,Vashishta Mohit,compositing artist: NetFX Mumbai (1 episode 2022),
430,Lon Molnar,head of studio: Monsters Aliens Robots Zombies (2 episodes 2022),
431,Jose Ignacio Narv�ez Monroy,compositing lead: Mr. X (2 episodes 2022),
432,Atyeb Muneer,compositing artist: Monsters Aliens Robots Zombies (1 episode 2022),
433,Ganesh Ramdas Nalle,senior roto artist: NetFX Mumbai (1 episode 2022),
434,Michael Naphan,layout artist: Rocket Science VFX (1 episode 2022),
435,Marla Oriol,lighting artist: Monsters Aliens Robots Zombies (1 episode 2022),
436,Daksh Pandya,visual effects artist (2 episodes 2022),
437,Niki Patterson,data technician: Stereo D (1 episode 2022),
438,Aravind Pauldurai,compositing artist: Monsters Aliens Robots Zombies (1 episode 2022),
439,Victor Perez,animation artist: Monsters Aliens Robots Zombies (1 episode 2022),
440,Navin Pinto,rigging artist: Monsters Aliens Robots Zombies (1 episode 2022),
441,Norman Ran,fx lead: Rocket Science VFX (1 episode 2022),
442,Parastu Rezaie,lighting lead: Monsters Aliens Robots Zombies (1 episode 2022),
443,Jean-Christophe Rodier,rigging artist: Monsters Aliens Robots Zombies (1 episode 2022),
444,Dmitry Ryabchuk,environment lead: Monsters Aliens Robots Zombies (1 episode 2022),
445,Maryam Salehi,i/o: MELS (1 episode 2022),
446,Rajvinder Sandhu,lighting artist: Monsters Aliens Robots Zombies (1 episode 2022),
447,Eric Sanford,creature lead: Monsters Aliens Robots Zombies (1 episode 2022),
448,Rohan Sapkal,junior roto artist: NetFX Mumbai (1 episode 2022),
449,Alexandre Savard-Boisvert,digital compositor (1 episode 2022),
450,Mark Schreiber,animator (1 episode 2022),
451,Aryan Sehgal,utility compositor (1 episode 2022),
452,Ronak Shah,fx lead: Monsters Aliens Robots Zombies (1 episode 2022),
453,Neelima Sharma,compositor: NetFX Mumbai (1 episode 2022),
454,Vishal Shitole,i/o coordinator: NetFX Mumbai (1 episode 2022),
455,Casey Sincic,visual effects producer: Monsters Aliens Robots Zombies (2 episodes 2022),
456,Lovelesh Singh,compositing artist: NetFX Mumbai (1 episode 2022),
457,Kalpana Mahapatro Siromani,art director & mattepainting lead (1 episode 2022),
458,Joseph Soloway,visual effects coordinator: VFX Legion (1 episode 2022),
459,Meredith Sproul,show coordinator: Monsters Aliens Robots Zombies (1 episode 2022),
460,Danny Testani,animation artist: Monsters Aliens Robots Zombies (1 episode 2022),
461,Ali Thaheem,creature artist: Monsters Aliens Robots Zombies (1 episode 2022),
462,Hyacinthe Thomas,i/o: MELS (1 episode 2022),
463,Phillip Thomas,animation artist: Monsters Aliens Robots Zombies (1 episode 2022),
464,Susana Vasquez,visual effects production coordinator: Take 5 VFX (2 episodes 2022),
465,Marcus Vinicius,i/o: MELS (1 episode 2022),
466,Louis Vottero,rigging lead: Monsters Aliens Robots Zombies (1 episode 2022),
467,Tina Vuu,visual effects coordinator: VFX Legion (1 episode 2022),
468,Tanja Wax,fx artist: Rocket Science VFX (1 episode 2022),
469,Christina Wise,head of studio: MELS (1 episode 2022),
470,Jill Wu,digital matte painter: Monsters Aliens Robots Zombies (1 episode 2022),
471,Alphonso Young,matte painter: Take 5 VFX (2 episodes 2022),
472,Refo Yovarda,visual effects production assistant: Stereo D (1 episode 2022),
473,Virpalsinh Zala,compositing artist: Monsters Aliens Robots Zombies (1 episode 2022),
474,Abin Abraham,assets lead: MPC (uncredited) (8 episodes 2022),
475,Adrian Bobb,creature artist (uncredited) (8 episodes 2022),
476,Eddie Bonin,visual effects executive: Netflix (uncredited) (8 episodes 2022),
477,R�mi Bruschini,pipeline td (uncredited) (8 episodes 2022),
478,Binod Kumar Das,asset supervisor: MPC (uncredited) (8 episodes 2022),
479,Tiago Foa,imaging engineer: Mr. X (uncredited) (8 episodes 2022),
480,Jaime Fok,visual effects editorial lead (uncredited) (8 episodes 2022),
481,J.P. Giamos,head of production: Rocket Science VFX (uncredited) (8 episodes 2022),
482,Martin Hesselink,Animation Supervisor (uncredited) (8 episodes 2022),
483,Rushikesh Chandrashekhar Kamble,3d digital matte painter (uncredited) (8 episodes 2022),
484,Daniel May,visual effects art direction (uncredited) (8 episodes 2022),
485,Rachad Meya,lighting supervisor (uncredited) (8 episodes 2022),
486,Shoupal Panda,texture & lookdev artist (uncredited) (8 episodes 2022),
487,Josephin Peichl,visual effects coordinator: Netflix (uncredited) (8 episodes 2022),
488,Rakesh,3d digital matte painter lead (uncredited) (8 episodes 2022),
489,Kim Rampaul,visual effects coordinator: Netflix (uncredited) (8 episodes 2022),
490,Saha Saikat,texturing & lookdev artist (uncredited) (7 episodes 2022),
491,Seema Schere,matte painter: Monsters Aliens Robots Zombies (uncredited) (8 episodes 2022),
492,Surajit Senapati,3d artist (uncredited) (8 episodes 2022),
493,Satyendra Sharma,compositor: MPC (uncredited) (8 episodes 2022),
494,Prathamesh Ashok Waykole,asset artist: MPC (uncredited) (8 episodes 2022),
495,Dean Wright,visual effects executive: MGM Television (uncredited) (8 episodes 2022),
496,Dylan Botnarenko,digital matte painter: MPC (uncredited) (6 episodes 2022),
497,Arjun Jasmeet Chawla,digital compositor: MPC (uncredited) (5 episodes 2022),
498,Dennis Tae Wook Kim,digital compositor (uncredited) (5 episodes 2022),
499,Hoss Ghaith,cg supervisor (uncredited) (3 episodes 2022),
500,Solyi Ha,compositor: Folks VFX (uncredited) (4 episodes 2022),
501,Caylee Han,compositor: Folks VFX (uncredited) (4 episodes 2022),
502,Krista Wettlaufer,digital artist (uncredited) (3 episodes 2022),
503,Christopher Lee Zammit,concept artist (uncredited) (4 episodes 2022),
504,Felipe Baldo,lighting artist: Folks VFX (uncredited) (3 episodes 2022),
505,Marc-Antoine Blais,digital compositor (uncredited) (2 episodes 2022),
506,Adrien Francomme,digital compositor (uncredited) (2 episodes 2022),
507,Eduardo Gon�alves,digital compositor: Monsters Aliens Robots Zombies (uncredited) (2 episodes 2022),
508,Alexander Greenberg,senior compositor: Monsters Aliens Robots Zombies (uncredited) (2 episodes 2022),
509,Prashant Jain,3d digital matte painter (uncredited) (3 episodes 2022),
510,Hossein Karamian,compositor: Monsters Aliens Robots Zombies (uncredited) (2 episodes 2022),
511,Giuseppe Motta,creature supervisor (uncredited) (3 episodes 2022),
512,Chokkarapu Sai Pradeep,visual effects lighting artist (uncredited) (2 episodes 2022),
513,Pedro Roloff,digital compositor (uncredited) (2 episodes 2022),
514,Ilija Sazdovski,layout artist (uncredited) (3 episodes 2022),
515,Jason Schick,digital compositor (uncredited) (2 episodes 2022),
516,Christa Tazzeo,visual effects executive producer: Rocket Science VFX (uncredited) (3 episodes 2022),
517,Sekh Batul Ali,visual effects artist (uncredited) (1 episode 2022),
518,Luca Buonopane,key groom artist: MPC (uncredited) (1 episode 2022),
519,Julian Fadalti,layout artist (uncredited) (1 episode 2022),
520,Nitin Garg,senior lookdev artist: Folks VFX (uncredited) (1 episode 2022),
521,Avinash Kodali,lighting artist (uncredited) (1 episode 2022),
522,Genevieve Morneau,digital compositor: MELS (uncredited) (1 episode 2022),
523,Alex Park,matchmove artist: Folks VFX (uncredited) (1 episode 2022),
524,Evan Roberts,lighting artist (uncredited) (1 episode 2022),
525,Pavankumar Sagiraju,lighting artist (uncredited) (1 episode 2022),
526,Yulia Segura,compositor: Folks VFX (uncredited) (1 episode 2022),
527,Amarjit Singha,3d artist (uncredited) (1 episode 2022),
528,Brett Chan,stunt coordinator (8 episodes 2022),
529,Ionut Cotruta,stunt rigger (8 episodes 2022),
530,Jason Ng,assistant stunt coordinator / cover stunt coordinator (8 episodes 2022),
531,Jenny Umbhau,stunt double: Jenna Ortega (8 episodes 2022),
532,Fanel Ursu,stunt rigger (8 episodes 2022),
533,Andrei Vintileanu,stunt rigger (8 episodes 2022),
534,Daniel Visan,stunts (8 episodes 2022),
535,Nailah Johnson,stunt double: Joy Sunday / stunt performer (2 episodes 2022),
536,Kinga Kives,stunt performer (3 episodes 2022),
537,Alexandre Lopoka,stunt double: Tommie Earl Jenkins (2 episodes 2022),
538,Milena Brewster,stunt double: Johnna Dias-Watson (1 episode 2022),
539,Maxime Coulon,stunt double: Calum Ross (1 episode 2022),
540,Gabrielle Anne Desy,stunt double: Emma Myers (1 episode 2022),
541,Victoria Goodman,stunt performer (1 episode 2022),
542,Daniel Himschoot,stunt double: Percy White (1 episode 2022),
543,Matt Kennedy,stunt performer (1 episode 2022),
544,Kaanchana Kerr,stunt performer (2 episodes 2022),
545,Darlene Pineda,stunt performer (1 episode 2022),
546,Phedra Syndelle,stunt double: Joy Sunday (1 episode 2022),
547,Alexandra Vilcsek,stunt performer (1 episode 2022),
548,Don�t B�nkuti,digital imaging technician: second unit (8 episodes 2022),
549,Vlad Cioplea,still photographer (8 episodes 2022),
550,David Dorohoianu,second photography assistant (8 episodes 2022),
551,Omar Dughouz,"second assistant camera: ""a"" camera (8 episodes 2022)",
552,D�niel Farkas,digital imaging technician (8 episodes 2022),
553,Robert Fenichiu,electrician / lighting technician (8 episodes 2022),
554,Cristi Fratoaica,second assistant camera: second unit (8 episodes 2022),
555,Toni Ilinca,video operator (8 episodes 2022),
556,Ochiana Ionut,video assist operator (8 episodes 2022),
557,Andrei Karastanef,"second assistant camera: ""a"" camera (8 episodes 2022)",
558,Brad Larner,"first assistant camera: ""a"" camera (8 episodes 2022)",
559,Tudor Lucaciu,director of photography: second unit (8 episodes 2022),
560,Radu Marinescu,key grip (8 episodes 2022),
561,Florin Mihalache,gaffer (8 episodes 2022),
562,Mihai Adrian Olteanu,best boy electric (8 episodes 2022),
563,Andrei Petrescu,electrician (8 episodes 2022),
564,Liviu Pojoni Jr.,"camera operator: ""b"" camera (8 episodes 2022)",
565,Florea Andrei Stefan,dimmerboard operator/lighting console programmer (8 episodes 2022),
566,Viorel Stefan,crane operator (8 episodes 2022),
567,Adelina Vancea,camera trainee (8 episodes 2022),
568,Petre Victor,"camera operator: ""b"" camera (8 episodes 2022)",
569,Rob Arrowsmith,"camera operator: ""a"" camera/steadicam operator main unit (4 episodes 2022)",
570,Andrei Cretan,"first assistant camera: ""b"" camera (4 episodes 2022)",
571,Fabrizio Sciarra,"camera operator: ""a"" camera/steadicam operator main unit (4 episodes 2022)",
572,Boroka Biro,director of photography: epk (2 episodes 2022),
573,Valdas Gulbinauskas,video assistant: additional photography (2 episodes 2022),
574,Matei Popa,second assistant camera: second unit (2 episodes 2022),
575,S�ndor �rkus,data management technician (2 episodes 2022),
576,Cornel Biciu,underwater gaffer (1 episode 2022),
577,Neil Bradley,ronin 2 technician: additional photography (1 episode 2022),
578,Alexandru Durac,"camera operator: ""a"" camera/steadicam operator (1 episode 2022)",
579,Sarbu Gigi,key grip: second unit (1 episode 2022),
580,Ben Parish,underwater assistant camera (1 episode 2022),
581,Aurelian Radu,grip (2 episodes 2022),
582,Ian Seabrook,underwater director of photography (1 episode 2022),
583,Constantin Stan,second unit (1 episode 2022),
584,Alexandru Bogdan Stefan,crane technician (2 episodes 2022),
585,Bal�zs V�rszegi,data management technician (2 episodes 2022),
586,Jens Winkler,underwater assistant camera (1 episode 2022),
587,Catalin Popa,photography assistant (uncredited) (8 episodes 2022),
588,Peter Driscoll,key animator (1 episode 2022),
589,Whitney Strouth,animator (uncredited) (1 episode 2022),
590,Emily Bohbrink,casting associate (8 episodes 2022),
591,Sin�ad Donnelly,casting assistant: Jenna Ortega (8 episodes 2022),
592,Radu Dragoi,casting assistant (8 episodes 2022),
593,Frankie Fearis,casting assistant (8 episodes 2022),
594,Olissa Rogers,casting associate: Jenna Ortega (8 episodes 2022),
595,Chandra Ruegg,casting associate (8 episodes 2022),
596,Fiona Weir,casting: Jenna Ortega (8 episodes 2022),
597,Sarah Wilson,casting associate (8 episodes 2022),
598,Maddalena Zuppetta,casting assistant (8 episodes 2022),
599,George Ludlow,casting associate (3 episodes 2022),
600,Ioana Albaiu,wardrobe supervisor (8 episodes 2022),
601,Madalina Anton,breakdown artist (8 episodes 2022),
602,Mattia Bionda,principal costume cutter (8 episodes 2022),
603,Mariana Bujoi,costumer (8 episodes 2022),
604,Maria Ciucanu,wardrobe mistress (8 episodes 2022),
605,Ylenia Comerci,principal seamstress (8 episodes 2022),
606,Lavinia Dedu,set costumer (8 episodes 2022),
607,Constantinescu Denisa,wardrobe assistant (8 episodes 2022),
608,Andreea Dinu,principal standby (8 episodes 2022),
609,Maria Endara,senior costume maker (8 episodes 2022),
610,Cristina Ghergheli,set costumer (8 episodes 2022),
611,Megan Howell,senior costume maker (8 episodes 2022),
612,Daniela Ilin,set costumer (8 episodes 2022),
613,Benjamin Ip,costume concept artist (8 episodes 2022),
614,Ana Lazar,wardrobe assistant (8 episodes 2022),
615,Paula Lazaroni,breackdown artist (8 episodes 2022),
616,Twan Lentjes,principal costume maker (8 episodes 2022),
617,Ioana Mihailescu,wardrobe assistant / crowd standby costumer / crowd stand-by costumer (8 episodes 2022),
618,Alessio O'Driscoll,principle costume cutter (8 episodes 2022),
619,Ioana Somanescu,principal standby (8 episodes 2022),
620,Bobby Soutar,assistant costume designer (8 episodes 2022),
621,Mark Sutherland,costume co-designer (8 episodes 2022),
622,Beth Tilley,senior costume maker (8 episodes 2022),
623,Jess Willcock-Stow,junior assistant costume designer / junior assistant costume designerr (8 episodes 2022),
624,Elizabeta Zainea,wardrobe assistant (8 episodes 2022),
625,Marta Airoli,principal seamstress (5 episodes 2022),
626,Ian Frazer Wallace,principle cutter (5 episodes 2022),
627,Adina Bucur,costume supervisor (4 episodes 2022),
628,Claudia Littlefield,costume supervisor (3 episodes 2022),
629,Alina Caprian,additional costumer (1 episode 2022),
630,Madison D'Urbano,post-production assistant: Marc Graue Recording Studios (8 episodes 2022),
631,Bogdan Geambasu,dailies operator (8 episodes 2022),
632,Katherine Hul,post production supervisor (8 episodes 2022),
633,Razvan Ilinca,assistant editor (8 episodes 2022),
634,Tom Mayclim,data manager: Company 3 (8 episodes 2022),
635,Ian Passy,Color Assistant (8 episodes 2022),
636,Sebastian Plamadeala,dailies supervisor (8 episodes 2022),
637,Carmen Rizac,dailies coordinator (8 episodes 2022),
638,Joanne Rourke,senior colorist (7 episodes 2022),
639,Alexandru Stoica,dailies operator (8 episodes 2022),
640,Ian Sullivan,finishing accountant (8 episodes 2022),
641,Lavinia Terletchi,assistant editor (8 episodes 2022),
642,Viktorija Tupikaite,data i/o operator (8 episodes 2022),
643,Motassem Younes,on-line editor (8 episodes 2022),
644,Galina Chakarova,first assistant editor (4 episodes 2022),
645,Mihai Cosmin Popa,first assistant editor (4 episodes 2022),
646,Paul G. Day,additional editor (1 episode 2022),
647,Cristi Dogaru,assistant location manager (8 episodes 2022),
648,Calin Hagima,location manager (8 episodes 2022),
649,Tracey Savein,location scout (8 episodes 2022),
650,Alex Molea,supervising location manager (4 episodes 2022),
651,Mircea Paraschiv,location manager (4 episodes 2022),
652,Florin Patrascu,assistant location manager (4 episodes 2022),
653,Chris Bacon,composer: additional music (8 episodes 2022),
654,Sarah Chapeck,music coordinator (8 episodes 2022),
655,Norbert Elek,music preparation (8 episodes 2022),
656,Danny Elfman,theme music composer (8 episodes 2022),
657,Peter Kohrman,technical score engineer (8 episodes 2022),
658,Jen Malone,music supervisor (8 episodes 2022),
659,Mandy Mamlet,music executive (8 episodes 2022),
660,�lveti M�ty�s,cello solos by (8 episodes 2022),
661,Michael T. Ryan,music editor (8 episodes 2022),
662,B�lint Sapszon,contractor for Budapest Scoring (8 episodes 2022),
663,Viktor Szab�,recording engineer (8 episodes 2022),
664,Nicole Weisberg,music supervisor (8 episodes 2022),
665,Shachar Boussani,score mix assistant (6 episodes 2022),
666,Robert Litton,orchestrator (6 episodes 2022),
667,Noah Scot Snyder,music scoring mixer (6 episodes 2022),
668,Esin Aydingoz,arranger (3 episodes 2022),
669,Hemanth965,orchestrator: theme melody (3 episodes 2022),
670,Steve Bartek,orchestrator (2 episodes 2022),
671,Bence Bob�k,score engineer (2 episodes 2022),
672,David G. Russell,conforming (2 episodes 2022),
673,Greg Hayes,music scoring mixer (1 episode 2022),
674,Bri Holland,singer (1 episode 2022),
675,Alfredo Pasquel,score mix assistant (1 episode 2022),
676,Cristina B�lea,assistant script supervisor (8 episodes 2022),
677,Monica Tatu,script supervisor (8 episodes 2022),
678,Daniel Sipocz,service driver (8 episodes 2022),
679,Pal Szil�rd Levente,unit driver (8 episodes 2022),
680,Priscila Amescua-Mendez,Support to co executive producer (8 episodes 2022),
681,Dogaru Silviu Andrei,unit production assistant / unit set assistant (8 episodes 2022),
682,Aaron Becker,main title design (8 episodes 2022),
683,Gergo Benkoczy,dog trainer (8 episodes 2022),
684,Dascalu Bogdan,unit production assistant (8 episodes 2022),
685,Teo Bostanica,unit manager (8 episodes 2022),
686,Alexandra Cranga,petty cash accountant (8 episodes 2022),
687,Razvana Cristescu,first assistant accountant (8 episodes 2022),
688,Claudia Dediu,producer's assistant (8 episodes 2022),
689,Penny Dyer,dialect coach (8 episodes 2022),
690,Zoltan Horkai,head animal trainer (8 episodes 2022),
691,Ana Ineni,production secretary (8 episodes 2022),
692,Emanuel Gabriel Ion,testing coordinator assistant (8 episodes 2022),
693,Gavriloaia Irina,assistant contracts coordinator (8 episodes 2022),
694,Peter Ivanyi,head animal trainer (8 episodes 2022),
695,Austin Kircher,post-production accountant (8 episodes 2022),
696,Christopher Landry,epk host (8 episodes 2022),
697,Nelson Moses Lassiter,production administration assistant (8 episodes 2022),
698,Ioana Macarie,choreographer (8 episodes 2022),
699,Cosmin Manea,payroll accountant (8 episodes 2022),
700,Elle McAlpine,intimacy coordinator (8 episodes 2022),
701,Troy James Miller,titles producer: Filmograph (8 episodes 2022),
702,Dan Mirea,unit operations (8 episodes 2022),
703,Ioana Mititelu,assistant production coordinator (8 episodes 2022),
704,Kristine Popovici,office production assistant (8 episodes 2022),
705,Aurel Nicolae Radu,assistant accountant (8 episodes 2022),
706,Olesea Railean,production accountant (8 episodes 2022),
707,Adrian Sabau,production coordinator (8 episodes 2022),
708,Iulia Anamaria Sima,contracts coordinator (8 episodes 2022),
709,Daniela Soare,production assistant (8 episodes 2022),
710,Adam M. Stone,product placement coordinator (8 episodes 2022),
711,Cat Stone,product placement coordinator (8 episodes 2022),
712,Georgiana Tamaga,travel coordinator (8 episodes 2022),
713,Logi Thorvaldsson,actors assistant (8 episodes 2022),
714,Toria Turner,executive assistant (8 episodes 2022),
715,Tony Wright,international liaison (8 episodes 2022),
716,Bianca Bumbacea,basecamp runner (7 episodes 2022),
717,Lindsay Moffat,production accountant (4 episodes 2022),
718,Gunnar Sizemore,adr voice actor (4 episodes 2022),
719,Bacula Sorin,caterer (3 episodes 2022),
720,Monica Adam,petty cash (2 episodes 2022),
721,Liliana Chomsky,adr loop group (2 episodes 2022),
722,Vanessa Coffey,intimacy coordinator (2 episodes 2022),
723,Marius Florescu,covid supervisor (2 episodes 2022),
724,Marilyn Lindsay,prep accountant (2 episodes 2022),
725,Rhidian Bridge,covid supervisor (1 episode 2022),
726,Bianca Bumvacea,basecamp runner (1 episode 2022),
727,Luke Carroll,production secretary: additional photography (1 episode 2022),
728,Ahmed El-Gallad,writer (1 episode 2022),
729,Jorge Garcia Castro,consultant (1 episode 2022),
730,Adam Lannon,covid manager (1 episode 2022),
731,Sarah McGuinness,dialect coach: James Clay Caroline Lawrie (1 episode 2022),
732,Annabel Wilkin,first assistant accountant: UK (1 episode 2022),
733,Eugene Shawn,assistant (uncredited) (8 episodes 2022),
734,Ana Duarte,assistant to casting director (uncredited) (1 episode 2022),
735,Isaac Sunderland,covid coordinator (uncredited) (1 episode 2022),
736,Jon Brown,figuratie,
737,Emma Martin,figuratie,
738,Mehmet Rodrigez,figuratie,
739,Noah Esposito,figuratie,
740,Aiden Moore,figuratie,
741,Ava Celik,figuratie,
742,Gennady Dorsey,figuratie,
743,Andrew Yildirim,figuratie,
744,Zoey Connor,figuratie,
745,Gabriel Brian,figuratie,
746,Taylor Claes,figuratie,
747,Alexa Jones,figuratie,
748,Brandon Kritikos,figuratie,
749,Dough Rodrigez,figuratie,
750,Scarlett Bianchi,figuratie,
751,James Zoey,figuratie,
752,Anders Kaya,figuratie,
753,Ian Dorsey,figuratie,
754,Sanjay Wood,figuratie,
755,Guido Arianna,figuratie,
756,Jayden Brian,figuratie,
757,Mia Hawking,figuratie,
758,Chloe Jones,figuratie,
759,Elizabeth Kritikos,figuratie,
760,Benjamin Moore,figuratie,
761,Sofia Bianchi,figuratie,
762,Logan Walker,figuratie,
763,Lucas Yildirim,figuratie,
764,Isaac Dorsey,figuratie,
765,Landon Ritchie,figuratie,
766,Aaron Claes,figuratie,
767,Steve Gecdogan,figuratie,
768,Arianna Hawking,figuratie,
769,Bourne Rodrigez,figuratie,
770,John Papp,figuratie,
771,Jeff Moore,figuratie,
772,Sophia Kaya,figuratie,
773,Isabella Walker,figuratie,
774,William Melnyk,figuratie,
775,Emily Arianna,figuratie,
776,Michael Ritchie,figuratie,
777,Daniel Nielsen,figuratie,
778,Avery Jones,figuratie,
779,David Meyer,figuratie,
780,Andrew Wilson,figuratie,
781,Alexis Bianchi,figuratie,
782,Kaylee Hernandez,figuratie,
783,Evan Kaya,figuratie,
784,Alexa Alexa,figuratie,
785,Linus Melnyk,figuratie,
786,Connor Arianna,figuratie,
787,Eva Gecdogan,figuratie,
788,James Nielsen,figuratie,
789,Stephen Rossum,figuratie,
790,Tim Papp,figuratie,
791,Jacob Wilson,figuratie,
792,Emma Romano,figuratie,
793,Mehmet Walker,figuratie,
794,Noah Melnyk,figuratie,
795,Chloe Alexa,figuratie,
796,Ava Ritchie,figuratie,
797,Gennady Nielsen,figuratie,
798,Grace Gecdogan,figuratie,
799,Logan Meyer,figuratie,
800,Gabriel Wilson,figuratie,
801,Taylor Papp,figuratie,
802,Jack Hernandez,figuratie,
803,Aaron Kaya,figuratie,
804,Dough Perez,figuratie,
805,Scarlett Melnyk,figuratie,
806,Dennis Scarlett,figuratie,
807,Anders Gosling,figuratie,
808,Ian Nielsen,figuratie,
809,Sanjay Rossum,figuratie,
810,Isabella Meyer,figuratie,
811,Jayden Ethan,figuratie,
812,Mia Romano,figuratie,
813,Ethan Hernandez,figuratie,
814,Daniel Aydin,figuratie,
815,Benjamin Alexa,figuratie,
816,Sofia Kovalenko,figuratie,
817,Bjarne Scarlett,figuratie,
818,Alexis Gecdogan,figuratie,
819,Isaac Petersen,figuratie,
820,Landon Rossum,figuratie,
821,Fabrice Jensen,figuratie,
822,Steve Ethan,figuratie,
823,Arianna Romano,figuratie,
824,Bourne Perez,figuratie,
825,Adam Aydin,figuratie,
826,Jeff Fabrice,figuratie,
827,Sophia Gosling,figuratie,
828,Jon Scarlett,figuratie,
829,Emma Richard,figuratie,
830,Emily Meyer,figuratie,
831,Michael Watson,figuratie,
832,Aiden Jensen,figuratie,
833,Ava Hernandez,figuratie,
834,David Emine,figuratie,
835,Andrew Perez,figuratie,
836,Zoey Kovalenko,figuratie,
837,Kaylee Fabrice,figuratie,
838,Evan Gontier,figuratie,
839,Alexa Petersen,figuratie,
840,Brandon Richard,figuratie,
841,Connor Weber,figuratie,
842,Eva Ethan,figuratie,
843,James Waage,figuratie,
844,Anders Harris,figuratie,
845,Tim Aydin,figuratie,
846,Jacob Gabriel,figuratie,
847,Guido Kovalenko,figuratie,
848,Jayden Eva,figuratie,
849,Noah Gontier,figuratie,
850,Chloe Petersen,figuratie,
851,Elizabeth Watson,figuratie,
852,Benjamin Weber,figuratie,
853,Grace Anderson,figuratie,
854,Logan Emine,figuratie,
855,Lucas Harris,figuratie,
856,Taylor Ozdemir,figuratie,
857,Jack Fabrice,figuratie,
858,Aaron Gontier,figuratie,
859,Steve Eva,figuratie,
860,Scarlett Richard,figuratie,
861,Dennis Weber,figuratie,
862,John Watson,figuratie,
863,Jeff Waage,figuratie,
864,Sanjay Harris,figuratie,
865,Isabella Emine,figuratie,
866,William Gabriel,figuratie,
867,Emily Kovalenko,figuratie,